Workbook

Sheet Dashboard
A1: MONKSPACES | PRODUCT DELIVERY DASHBOARD
A2: Editable project plan • baseline starts 26-Oct-2026 • adjust dates, owners, status and % complete in the Tasks sheet. Timeline/Gantt updates from task dates.
A4: Project start date | B4: 46321 | D4: Milestone | E4: Target | F4: Exit criteria
A5: Planned horizon (weeks) | B5: 8 | D5: M1: Scope & data contract | E5: 46332 | F5: MVP scope, sample data and API contracts agreed
A6: Total tasks | B6: =COUNTA(Tasks!A5:A200) | D6: M2: First end-to-end slice | E6: 46339 | F6: CSV → validation → DB → API → Angular UI
A7: Completed tasks | B7: =COUNTIF(Tasks!I5:I200,"Done") | D7: M3: Quality workflow | E7: 46353 | F7: Issue → correction → approval → revalidation + audit
A8: In progress | B8: =COUNTIF(Tasks!I5:I200,"In Progress") | D8: M4: EPR engine | E8: 46367 | F8: One jurisdiction; reference cases reconcile
A9: Blocked | B9: =COUNTIF(Tasks!I5:I200,"Blocked") | D9: M5: Demo / pilot decision | E9: 46374 | F9: Regression, security checks, demo and go/no-go
A10: Overall completion | B10: =IFERROR(AVERAGE(Tasks!J5:J200),0)
A12: How to use this workbook | D12: Planning note
A13: 1) Update task dates/owners/status/% complete in Tasks. 2) Review Gantt. 3) Track incoming client files in Data & Integrations. 4) Log defects and evidence in Testing. 5) Review open decisions every week. | D13: This is a planning baseline, not a delivery commitment. Eight weeks targets a focused EPR proof-of-value only; live integrations depend on client API access, documentation, permissions and data quality.

Sheet Tasks
A1: TASK REGISTER
A2: Edit start/end dates, owner, status and % complete. Gantt and dashboard are driven by this sheet. Use dates as Excel dates.
A4: Task ID | B4: Workstream | C4: Phase | D4: Task / Deliverable | E4: Acceptance Criteria / Definition of Done | F4: Owner Role | G4: Start Date | H4: End Date | I4: Status | J4: % Complete | K4: Dependency / Client Input | L4: Priority | M4: Effort (person-days) | N4: Notes / Risks
A5: T001 | B5: Architecture & Product | C5: Day 0 | D5: Confirm MVP scope and first EPR jurisdiction | E5: Scope, exclusions, target jurisdiction and demo outcome documented | F5: Solution Architect / Product Owner | G5: 46321 | H5: 46322 | I5: Not Started | J5: 0 | K5: Client decision on jurisdiction | L5: Critical | M5: 2 | N5: Do not implement jurisdiction-specific fee logic before rules are confirmed.
A6: T002 | B6: Client Data & Integrations | C6: Day 0 | D6: Request sample datasets and data dictionary | E6: Sample product, packaging, sales-by-market files and field definitions received or request tracked | F6: Solution Architect / Client IT | G6: 46321 | H6: 46323 | I6: Not Started | J6: 0 | K6: Client data owner identified | L6: Critical | M6: 2 | N6: Anonymized sample data is sufficient to start.
A7: T003 | B7: Client Data & Integrations | C7: Day 0 | D7: Request ERP/PLM/Snowflake API documentation and sandbox access | E7: API docs, auth method, rate limits, test credentials/access process and owner identified | F7: Integration Engineer / Client IT | G7: 46321 | H7: 46332 | I7: Not Started | J7: 0 | K7: Client IT and source-system vendors | L7: High | M7: 4 | N7: If access is delayed, continue using CSV and mock API responses.
A8: T004 | B8: Architecture & Product | C8: Week 1 | D8: Define architecture, environments and API contracts | E8: Approved logical architecture, module boundaries, OpenAPI draft and dev/test environment plan | F8: Solution Architect / Backend Lead | G8: 46321 | H8: 46328 | I8: Not Started | J8: 0 | K8: T001 | L8: Critical | M8: 4 | N8: Start as a modular monolith; avoid microservices in MVP.
A9: T005 | B9: DevOps & Security | C9: Week 1 | D9: Create repository, branching, CI pipeline and code quality checks | E9: PR build, lint and baseline unit tests run automatically | F9: DevOps / Tech Lead | G9: 46321 | H9: 46328 | I9: Not Started | J9: 0 | K9: Repository and cloud account access | L9: High | M9: 3 | N9: Use approved company repositories and secret storage.
A10: T006 | B10: Data Foundation | C10: Week 1 | D10: Design canonical data model and tenant isolation | E10: Reviewed ERD and initial schema for organizations, products, components, materials, suppliers and source lineage | F10: Solution Architect / Backend Lead | G10: 46322 | H10: 46332 | I10: Not Started | J10: 0 | K10: T001, T002 | L10: Critical | M10: 5 | N10: Use relational columns for core/filterable fields; JSONB only for variable attributes.
A11: T007 | B11: Frontend | C11: Week 1 | D11: Create Angular application shell and navigation | E11: App builds; module routes and basic product/import/issues/calculation navigation exist | F11: Frontend Developer | G11: 46321 | H11: 46328 | I11: Not Started | J11: 0 | K11: T004 | L11: High | M11: 4 | N11: Use mock API responses until backend endpoints are ready.
A12: T008 | B12: Backend | C12: Week 1 | D12: Create FastAPI service, health endpoint and OpenAPI docs | E12: Service starts in dev environment; health endpoint and API docs accessible | F12: Backend Developer | G12: 46321 | H12: 46328 | I12: Not Started | J12: 0 | K12: T004, T005 | L12: High | M12: 3 | N12: Pin dependencies and add basic error handling.
A13: T009 | B13: Data Foundation | C13: Week 2 | D13: Build CSV/Excel upload and import staging | E13: File upload, parse errors and import batch status are visible; original file retained securely | F13: Backend / Data Engineer | G13: 46328 | H13: 46339 | I13: Not Started | J13: 0 | K13: T002, T006, T008 | L13: Critical | M13: 6 | N13: CSV first; Excel supported if representative client files require it.
A14: T010 | B14: Data Foundation | C14: Week 2 | D14: Implement field mapping, normalization and unit handling | E14: Mapped records normalize material codes and weight units; mapping errors are reported | F14: Backend / Data Engineer | G14: 46328 | H14: 46339 | I14: Not Started | J14: 0 | K14: T006, T009, sample files | L14: Critical | M14: 5 | N14: Never silently guess unknown units or material categories.
A15: T011 | B15: Backend & Data | C15: Week 2 | D15: Implement product, packaging and material CRUD APIs | E15: Create/read/update/list endpoints pass API tests and enforce tenant access | F15: Backend Developer | G15: 46328 | H15: 46339 | I15: Not Started | J15: 0 | K15: T006, T008 | L15: Critical | M15: 6 | N15: Add pagination and validation to list endpoints.
A16: T012 | B16: Frontend | C16: Week 2 | D16: Build product and packaging list/detail screens | E16: Imported sample records visible; search/filter and detail view work against API | F16: Frontend Developer | G16: 46328 | H16: 46339 | I16: Not Started | J16: 0 | K16: T007, T009, T011 | L16: High | M16: 6 | N16: Mock responses can be used until API integration is ready.
... A36: T032 | B36: Future Modules | C36: Post-MVP | D36: Define PPWR, DPP and costing module backlog | E36: Prioritized backlog, shared data reuse and regulatory dependencies documented | F36: Product Owner / Solution Architect | G36: 46370 | H36: 46374 | I36: Not Started | J36: 0 | K36: MVP feedback and client priorities | L36: Low | M36: 3 | N36: Not included in 8-week EPR PoV delivery.

Sheet Gantt
A1: 8-WEEK GANTT | AUTO-UPDATED FROM TASKS
A2: Bars are formula-driven from Tasks start/end dates. Change task dates on Tasks sheet to update. Weeks are shown from the project baseline start date.
H3: =Dashboard!$B$4+0 | I3: =Dashboard!$B$4+7 | J3: =Dashboard!$B$4+14 | K3: =Dashboard!$B$4+21 | L3: =Dashboard!$B$4+28 | M3: =Dashboard!$B$4+35 | N3: =Dashboard!$B$4+42 | O3: =Dashboard!$B$4+49
A4: Task ID | B4: Workstream | C4: Task | D4: Owner | E4: Start | F4: Finish | G4: Status | H4: Week 1 | I4: Week 2 | J4: Week 3 | K4: Week 4 | L4: Week 5 | M4: Week 6 | N4: Week 7 | O4: Week 8
A5: =Tasks!A5 | B5: =Tasks!B5 | C5: =Tasks!D5 | D5: =Tasks!F5 | E5: =Tasks!G5 | F5: =Tasks!H5 | G5: =Tasks!I5 | H5: =IF(AND($E5<=H$3+6,$F5>=H$3),"■","") | I5: =IF(AND($E5<=I$3+6,$F5>=I$3),"■","") | J5: =IF(AND($E5<=J$3+6,$F5>=J$3),"■","") | K5: =IF(AND($E5<=K$3+6,$F5>=K$3),"■","") | L5: =IF(AND($E5<=L$3+6,$F5>=L$3),"■","") | M5: =IF(AND($E5<=M$3+6,$F5>=M$3),"■","") | N5: =IF(AND($E5<=N$3+6,$F5>=N$3),"■","") | O5: =IF(AND($E5<=O$3+6,$F5>=O$3),"■","")
A6: =Tasks!A6 | B6: =Tasks!B6 | C6: =Tasks!D6 | D6: =Tasks!F6 | E6: =Tasks!G6 | F6: =Tasks!H6 | G6: =Tasks!I6 | H6: =IF(AND($E6<=H$3+6,$F6>=H$3),"■","") | I6: =IF(AND($E6<=I$3+6,$F6>=I$3),"■","") | J6: =IF(AND($E6<=J$3+6,$F6>=J$3),"■","") | K6: =IF(AND($E6<=K$3+6,$F6>=K$3),"■","") | L6: =IF(AND($E6<=L$3+6,$F6>=L$3),"■","") | M6: =IF(AND($E6<=M$3+6,$F6>=M$3),"■","") | N6: =IF(AND($E6<=N$3+6,$F6>=N$3),"■","") | O6: =IF(AND($E6<=O$3+6,$F6>=O$3),"■","")
A7: =Tasks!A7 | B7: =Tasks!B7 | C7: =Tasks!D7 | D7: =Tasks!F7 | E7: =Tasks!G7 | F7: =Tasks!H7 | G7: =Tasks!I7 | H7: =IF(AND($E7<=H$3+6,$F7>=H$3),"■","") | I7: =IF(AND($E7<=I$3+6,$F7>=I$3),"■","") | J7: =IF(AND($E7<=J$3+6,$F7>=J$3),"■","") | K7: =IF(AND($E7<=K$3+6,$F7>=K$3),"■","") | L7: =IF(AND($E7<=L$3+6,$F7>=L$3),"■","") | M7: =IF(AND($E7<=M$3+6,$F7>=M$3),"■","") | N7: =IF(AND($E7<=N$3+6,$F7>=N$3),"■","") | O7: =IF(AND($E7<=O$3+6,$F7>=O$3),"■","")
A8: =Tasks!A8 | B8: =Tasks!B8 | C8: =Tasks!D8 | D8: =Tasks!F8 | E8: =Tasks!G8 | F8: =Tasks!H8 | G8: =Tasks!I8 | H8: =IF(AND($E8<=H$3+6,$F8>=H$3),"■","") | I8: =IF(AND($E8<=I$3+6,$F8>=I$3),"■","") | J8: =IF(AND($E8<=J$3+6,$F8>=J$3),"■","") | K8: =IF(AND($E8<=K$3+6,$F8>=K$3),"■","") | L8: =IF(AND($E8<=L$3+6,$F8>=L$3),"■","") | M8: =IF(AND($E8<=M$3+6,$F8>=M$3),"■","") | N8: =IF(AND($E8<=N$3+6,$F8>=N$3),"■","") | O8: =IF(AND($E8<=O$3+6,$F8>=O$3),"■","")
A9: =Tasks!A9 | B9: =Tasks!B9 | C9: =Tasks!D9 | D9: =Tasks!F9 | E9: =Tasks!G9 | F9: =Tasks!H9 | G9: =Tasks!I9 | H9: =IF(AND($E9<=H$3+6,$F9>=H$3),"■","") | I9: =IF(AND($E9<=I$3+6,$F9>=I$3),"■","") | J9: =IF(AND($E9<=J$3+6,$F9>=J$3),"■","") | K9: =IF(AND($E9<=K$3+6,$F9>=K$3),"■","") | L9: =IF(AND($E9<=L$3+6,$F9>=L$3),"■","") | M9: =IF(AND($E9<=M$3+6,$F9>=M$3),"■","") | N9: =IF(AND($E9<=N$3+6,$F9>=N$3),"■","") | O9: =IF(AND($E9<=O$3+6,$F9>=O$3),"■","")
A10: =Tasks!A10 | B10: =Tasks!B10 | C10: =Tasks!D10 | D10: =Tasks!F10 | E10: =Tasks!G10 | F10: =Tasks!H10 | G10: =Tasks!I10 | H10: =IF(AND($E10<=H$3+6,$F10>=H$3),"■","") | I10: =IF(AND($E10<=I$3+6,$F10>=I$3),"■","") | J10: =IF(AND($E10<=J$3+6,$F10>=J$3),"■","") | K10: =IF(AND($E10<=K$3+6,$F10>=K$3),"■","") | L10: =IF(AND($E10<=L$3+6,$F10>=L$3),"■","") | M10: =IF(AND($E10<=M$3+6,$F10>=M$3),"■","") | N10: =IF(AND($E10<=N$3+6,$F10>=N$3),"■","") | O10: =IF(AND($E10<=O$3+6,$F10>=O$3),"■","")
A11: =Tasks!A11 | B11: =Tasks!B11 | C11: =Tasks!D11 | D11: =Tasks!F11 | E11: =Tasks!G11 | F11: =Tasks!H11 | G11: =Tasks!I11 | H11: =IF(AND($E11<=H$3+6,$F11>=H$3),"■","") | I11: =IF(AND($E11<=I$3+6,$F11>=I$3),"■","") | J11: =IF(AND($E11<=J$3+6,$F11>=J$3),"■","") | K11: =IF(AND($E11<=K$3+6,$F11>=K$3),"■","") | L11: =IF(AND($E11<=L$3+6,$F11>=L$3),"■","") | M11: =IF(AND($E11<=M$3+6,$F11>=M$3),"■","") | N11: =IF(AND($E11<=N$3+6,$F11>=N$3),"■","") | O11: =IF(AND($E11<=O$3+6,$F11>=O$3),"■","")
A12: =Tasks!A12 | B12: =Tasks!B12 | C12: =Tasks!D12 | D12: =Tasks!F12 | E12: =Tasks!G12 | F12: =Tasks!H12 | G12: =Tasks!I12 | H12: =IF(AND($E12<=H$3+6,$F12>=H$3),"■","") | I12: =IF(AND($E12<=I$3+6,$F12>=I$3),"■","") | J12: =IF(AND($E12<=J$3+6,$F12>=J$3),"■","") | K12: =IF(AND($E12<=K$3+6,$F12>=K$3),"■","") | L12: =IF(AND($E12<=L$3+6,$F12>=L$3),"■","") | M12: =IF(AND($E12<=M$3+6,$F12>=M$3),"■","") | N12: =IF(AND($E12<=N$3+6,$F12>=N$3),"■","") | O12: =IF(AND($E12<=O$3+6,$F12>=O$3),"■","")
A13: =Tasks!A13 | B13: =Tasks!B13 | C13: =Tasks!D13 | D13: =Tasks!F13 | E13: =Tasks!G13 | F13: =Tasks!H13 | G13: =Tasks!I13 | H13: =IF(AND($E13<=H$3+6,$F13>=H$3),"■","") | I13: =IF(AND($E13<=I$3+6,$F13>=I$3),"■","") | J13: =IF(AND($E13<=J$3+6,$F13>=J$3),"■","") | K13: =IF(AND($E13<=K$3+6,$F13>=K$3),"■","") | L13: =IF(AND($E13<=L$3+6,$F13>=L$3),"■","") | M13: =IF(AND($E13<=M$3+6,$F13>=M$3),"■","") | N13: =IF(AND($E13<=N$3+6,$F13>=N$3),"■","") | O13: =IF(AND($E13<=O$3+6,$F13>=O$3),"■","")
A14: =Tasks!A14 | B14: =Tasks!B14 | C14: =Tasks!D14 | D14: =Tasks!F14 | E14: =Tasks!G14 | F14: =Tasks!H14 | G14: =Tasks!I14 | H14: =IF(AND($E14<=H$3+6,$F14>=H$3),"■","") | I14: =IF(AND($E14<=I$3+6,$F14>=I$3),"■","") | J14: =IF(AND($E14<=J$3+6,$F14>=J$3),"■","") | K14: =IF(AND($E14<=K$3+6,$F14>=K$3),"■","") | L14: =IF(AND($E14<=L$3+6,$F14>=L$3),"■","") | M14: =IF(AND($E14<=M$3+6,$F14>=M$3),"■","") | N14: =IF(AND($E14<=N$3+6,$F14>=N$3),"■","") | O14: =IF(AND($E14<=O$3+6,$F14>=O$3),"■","")
A15: =Tasks!A15 | B15: =Tasks!B15 | C15: =Tasks!D15 | D15: =Tasks!F15 | E15: =Tasks!G15 | F15: =Tasks!H15 | G15: =Tasks!I15 | H15: =IF(AND($E15<=H$3+6,$F15>=H$3),"■","") | I15: =IF(AND($E15<=I$3+6,$F15>=I$3),"■","") | J15: =IF(AND($E15<=J$3+6,$F15>=J$3),"■","") | K15: =IF(AND($E15<=K$3+6,$F15>=K$3),"■","") | L15: =IF(AND($E15<=L$3+6,$F15>=L$3),"■","") | M15: =IF(AND($E15<=M$3+6,$F15>=M$3),"■","") | N15: =IF(AND($E15<=N$3+6,$F15>=N$3),"■","") | O15: =IF(AND($E15<=O$3+6,$F15>=O$3),"■","")
A16: =Tasks!A16 | B16: =Tasks!B16 | C16: =Tasks!D16 | D16: =Tasks!F16 | E16: =Tasks!G16 | F16: =Tasks!H16 | G16: =Tasks!I16 | H16: =IF(AND($E16<=H$3+6,$F16>=H$3),"■","") | I16: =IF(AND($E16<=I$3+6,$F16>=I$3),"■","") | J16: =IF(AND($E16<=J$3+6,$F16>=J$3),"■","") | K16: =IF(AND($E16<=K$3+6,$F16>=K$3),"■","") | L16: =IF(AND($E16<=L$3+6,$F16>=L$3),"■","") | M16: =IF(AND($E16<=M$3+6,$F16>=M$3),"■","") | N16: =IF(AND($E16<=N$3+6,$F16>=N$3),"■","") | O16: =IF(AND($E16<=O$3+6,$F16>=O$3),"■","")
... A36: =Tasks!A36 | B36: =Tasks!B36 | C36: =Tasks!D36 | D36: =Tasks!F36 | E36: =Tasks!G36 | F36: =Tasks!H36 | G36: =Tasks!I36 | H36: =IF(AND($E36<=H$3+6,$F36>=H$3),"■","") | I36: =IF(AND($E36<=I$3+6,$F36>=I$3),"■","") | J36: =IF(AND($E36<=J$3+6,$F36>=J$3),"■","") | K36: =IF(AND($E36<=K$3+6,$F36>=K$3),"■","") | L36: =IF(AND($E36<=L$3+6,$F36>=L$3),"■","") | M36: =IF(AND($E36<=M$3+6,$F36>=M$3),"■","") | N36: =IF(AND($E36<=N$3+6,$F36>=N$3),"■","") | O36: =IF(AND($E36<=O$3+6,$F36>=O$3),"■","")

Sheet Weekly Plan
A1: WEEKLY PLAN & EXIT CRITERIA
A2: Use this as sprint planning agenda. Deliverables are proposed targets; confirm with team capacity and client readiness.
A4: Week | B4: Dates (baseline) | C4: Primary outcome | D4: Backend / Data | E4: Frontend | F4: QA / Testing | G4: Client / Product input | H4: Exit / Demo criteria
A5: Day 0 | B5: 26-Oct-2026 | C5: Kick-off and remove unknowns | D5: Repo/API skeleton; data model discovery | E5: Agree UI shell and API contracts | F5: Define test strategy and seeded data | G5: Request samples, rulebook, API docs, source access | H5: Owners, scope, risks and client requests tracked
A6: Week 1 | B6: 26-Oct–01-Nov | C6: Architecture + working skeleton | D6: FastAPI, Postgres schema draft | E6: Angular shell/navigation | F6: CI checks, unit-test scaffold | G6: Confirm target jurisdiction and data owner | H6: App builds; API health check; schema/API review
A7: Week 2 | B7: 02-Nov–08-Nov | C7: First vertical slice in progress | D7: Import staging, CRUD APIs, mapping | E7: Product/packaging list and detail | F7: Import/CRUD happy and failure cases | G7: Provide sample files and field meanings | H7: Demonstrate CSV → DB → API → UI
A8: Week 3 | B8: 09-Nov–15-Nov | C8: Data quality and EPR rule discovery | D8: Validation rules, issue API, rule data model | E8: Issue queue, filters | F8: Validation tests and issue test fixtures | G8: Approve EPR jurisdiction and expected cases | H8: Issues generated for known invalid rows
A9: Week 4 | B9: 16-Nov–22-Nov | C9: Correction workflow | D9: Correction/approval APIs, audit history | E9: Correction form/detail | F9: Workflow integration tests | G9: SME clarifies exemptions and special cases | H9: Correction → approval → revalidation demonstrated
A10: Week 5 | B10: 23-Nov–29-Nov | C10: EPR engine implementation | D10: Rule versioning and calculation core | E10: Calculation page wire-up | F10: Unit tests and first reconciliation | G10: Approve rate schedule and 3+ reference cases | H10: Calculation output explainable against approved rule version
A11: Week 6 | B11: 30-Nov–06-Dec | C11: End-to-end EPR results | D11: Persist runs/results; integration spike findings | E11: Fee breakdown and run history | F11: Reconciliation and edge cases | G11: Client IT helps prove one source connector if possible | H11: EPR flow works on representative sample
A12: Week 7 | B12: 07-Dec–13-Dec | C12: Analytics and hardening | D12: Hotspot aggregates/scenario endpoint | E12: Dashboard and scenario compare | F12: Regression, tenant/permission tests | G12: Review results and prioritize fixes | H12: Totals reconcile; scenario assumptions visible
A13: Week 8 | B13: 14-Dec–20-Dec | C13: UAT and pilot decision | D13: Bug fixes and deployment support | E13: UX polish and demo | F13: Full regression/UAT evidence | G13: Stakeholder sign-off and next-phase priorities | H13: Demo, known limitations, go/no-go and backlog

Sheet Data & Integrations
A1: CLIENT DATA & INTEGRATION TRACKER
A2: Track what has been requested, received, validated and connected. Integration dates are estimates until client access is confirmed.
A4: ID | B4: Source / Dataset | C4: Required fields / scope | D4: Format / method | E4: Client owner | F4: Requested date | G4: Received / access date | H4: Status | I4: Validation / next action | J4: Risk / dependency
A5: D001 | B5: Product master | C5: SKU, product name, category, brand/owner, source ID | D5: CSV/Excel or API | F5: 46321 | H5: Requested | I5: Check identifiers and duplicates | J5: Client data owner
A6: D002 | B6: Packaging/BOM | C6: Component ID, parent SKU, packaging level, material, component weight/unit | D6: CSV/Excel or API | F6: 46321 | H6: Requested | I6: Confirm component-to-product relationship and units | J6: Data completeness
A7: D003 | B7: Sales / volumes | C7: SKU, market/jurisdiction, reporting period, units sold | D7: CSV/Excel or warehouse query | F7: 46321 | H7: Requested | I7: Confirm period and units; no assumptions about market | J7: Needed for fee calculations
A8: D004 | B8: Material taxonomy | C8: Material codes, categories, subcategories, recyclability fields if applicable | D8: CSV/Excel | F8: 46321 | H8: Requested | I8: Map source values to canonical vocabulary | J8: Unknown categories
A9: D005 | B9: EPR rulebook / fee rates | C9: Official fee table, effective dates, adjustments, exemptions and scheme rules | D9: Approved document/spreadsheet | F9: 46321 | H9: Requested | I9: Regulatory SME/client signs off interpretation | J9: Critical calculation dependency
A10: D006 | B10: Reference calculation cases | C10: At least 3 representative products with expected fee breakdown and totals | D10: Spreadsheet / approved examples | F10: 46321 | H10: Requested | I10: Turn into automated regression tests | J10: Critical acceptance gate
A11: D007 | B11: ERP integration | C11: Product/BOM endpoints, auth, sandbox, pagination, rate limits, API version | D11: API documentation + sandbox | F11: 46321 | H11: To Verify | I11: Prove read-only access and field mapping | J11: Vendor/client IT availability
A12: D008 | B12: PLM / Trace One | C12: Product specifications, packaging attributes, API/export options | D12: API docs / export | F12: 46321 | H12: To Verify | I12: Verify product/API access and data scope | J12: Access and license
A13: D009 | B13: Snowflake / warehouse | C13: Relevant tables/views, service account, network access, query permissions | D13: Read-only query / export | F13: 46321 | H13: To Verify | I13: Confirm warehouse ownership and refresh cadence | J13: Security/network approval
A14: D010 | B14: Identity provider | C14: OIDC metadata, client registration, roles/claims | D14: OIDC configuration | F14: 46321 | H14: To Verify | I14: Use company-approved identity provider | J14: Security team

Sheet Risks & Decisions
A1: RISKS, ASSUMPTIONS & DECISIONS
A2: Update status and owners during weekly governance. Open risks should have a next action and due date.
A4: ID | B4: Type | C4: Risk / decision | D4: Impact | E4: Mitigation / next action | F4: Owner | G4: Due date | H4: Status | I4: Decision / evidence
A5: R001 | B5: Risk | C5: Client ERP/PLM API access or docs arrive late | D5: Live integration cannot be completed on planned timeline | E5: Use CSV/mock API while client IT confirms access; scope one connector only | F5: Solution Architect / Client IT | G5: 46332 | H5: Open
A6: R002 | B6: Risk | C6: No approved jurisdiction/rule schedule | D6: EPR calculation cannot be validated | E6: Obtain SME-approved fee schedule and reference cases before engine sign-off | F6: Product Owner / Regulatory SME | G6: 46346 | H6: Open
A7: R003 | B7: Risk | C7: Sample data incomplete or inconsistent | D7: Import and quality workflow scope expands | E7: Profile data in Week 1; agree a representative demo subset | F7: Data Engineer / Client Data Owner | G7: 46332 | H7: Open
A8: R004 | B8: Risk | C8: Team capacity less than assumed | D8: 8-week target may slip | E8: Assign named owners; reduce scope to one jurisdiction and no write-back | F8: Project Lead | G8: 46325 | H8: Open
A9: R005 | B9: Risk | C9: Cross-tenant data leakage | D9: Severe security incident | E9: Implement tenant checks at API/DB layer and test negative access paths | F9: Backend Lead / QA | G9: 46367 | H9: Open
A10: R006 | B10: Assumption | C10: CSV/Excel import is acceptable for MVP | D10: Can start development without source APIs | E10: Confirm with client in Day 0 kick-off | F10: Product Owner | G10: 46322 | H10: Open
A11: R007 | B11: Decision | C11: Select first EPR jurisdiction | D11: Defines first rule model and tests | E11: Record selected country/scheme and reporting year here | F11: Client Product Owner / SME | G11: 46325 | H11: Pending
A12: R008 | B12: Decision | C12: Choose tenant isolation pattern | D12: Affects schema and authorization | E12: Recommend organization_id + enforced row-level security for initial shared DB; validate with security review | F12: Solution Architect | G12: 46332 | H12: Pending
A13: R009 | B13: Decision | C13: Confirm hosting/cloud and identity provider | D13: Affects deployment and authentication setup | E13: Prefer client's existing cloud/identity where feasible; otherwise compare cost/security | F13: DevOps / Client IT | G13: 46332 | H13: Pending
A14: R010 | B14: Assumption | C14: No source-system write-back in initial MVP | D14: Avoids source-system mutation and permissions complexity | E14: Store approved corrections in Monkspaces; consider write-back in a later phase | F14: Product Owner / Client IT | G14: 46325 | H14: Open

Sheet Testing
A1: TEST PLAN & DEFECT TRACKER
A2: Start testing from Day 0. Add cases as the schema, validation rules and EPR rules become known.
A4: Test ID | B4: Area | C4: Scenario | D4: Expected result | E4: Type | F4: Priority | G4: Owner | H4: Status | I4: Actual result / evidence | J4: Defect ID
A5: TC001 | B5: Import | C5: Upload valid product/packaging CSV | D5: Records staged and imported; row counts visible | E5: Integration | F5: Critical | H5: Not Started
A6: TC002 | B6: Import | C6: Upload file with missing required column | D6: Import rejected with actionable error; no silent partial import | E6: Negative | F6: High | H6: Not Started
A7: TC003 | B7: Normalization | C7: Weight values in g and kg | D7: Normalized value is correct and original unit/source preserved | E7: Unit | F7: Critical | H7: Not Started
A8: TC004 | B8: Data quality | C8: Missing packaging weight | D8: Data issue created with field, severity and affected record | E8: Integration | F8: Critical | H8: Not Started
A9: TC005 | B9: Workflow | C9: Submit correction then approve | D9: New value applied; before/after and approver recorded; validation reruns | E9: Integration | F9: Critical | H9: Not Started
A10: TC006 | B10: Workflow | C10: Unauthorized user tries to approve correction | D10: API denies action and records appropriate security event | E10: Security | F10: Critical | H10: Not Started
A11: TC007 | B11: Tenant security | C11: Tenant A requests Tenant B product ID | D11: Access denied or non-disclosing not-found response | E11: Security | F11: Critical | H11: Not Started
A12: TC008 | B12: EPR | C12: Approved reference case 1 | D12: Calculated total and line items match SME-approved expected result | E12: Reconciliation | F12: Critical | H12: Not Started
A13: TC009 | B13: EPR | C13: Approved reference case 2 | D13: Calculated total and line items match SME-approved expected result | E13: Reconciliation | F13: Critical | H13: Not Started
A14: TC010 | B14: EPR | C14: Approved reference case 3 | D14: Calculated total and line items match SME-approved expected result | E14: Reconciliation | F14: Critical | H14: Not Started
A15: TC011 | B15: EPR | C15: Required input missing | D15: Record excluded/flagged with reason; not silently assigned zero fee | E15: Negative | F15: Critical | H15: Not Started
A16: TC012 | B16: EPR | C16: Repeat calculation with same input and rule version | D16: Same output is reproducible and linked to same rule version | E16: Regression | F16: High | H16: Not Started
... A19: TC015 | B19: Deployment | C19: Deploy to staging and verify health/backup/logs | D19: App is reachable; secrets absent from repo; backup/restore plan documented | E19: Operational | F19: High | H19: Not Started

Sheet Tech Stack
A1: RECOMMENDED TECH STACK & ARCHITECTURE DECISIONS
A2: Proposed baseline, not a vendor commitment. Confirm with Monkspaces standards, client security and hosting constraints.
A4: Layer | B4: Recommendation | C4: Purpose | D4: MVP decision / guidance | E4: Status | F4: Owner / notes
A5: Frontend | B5: Angular + TypeScript | C5: Enterprise UI for product data, issue workflow, EPR results and dashboards | D5: Use existing team expertise; define API contracts early | E5: Proposed | F5: Frontend Lead
A6: Backend API | B6: Python + FastAPI | C6: REST APIs, validation and calculation logic; OpenAPI contracts | D6: Modular monolith; separate modules in code, not separate microservices initially | E6: Proposed | F6: Backend Lead
A7: Database | B7: PostgreSQL | C7: Relational canonical product/packaging data, workflow, rule versions and calculation history | D7: Keep filterable/joinable fields relational; use JSONB only for truly variable attributes | E7: Proposed | F7: Solution Architect
A8: File/evidence storage | B8: S3-compatible object storage or Azure Blob | C8: Store source files, evidence and generated exports | D8: Use private buckets, encryption and retention controls | E8: To Confirm | F8: DevOps / Security
A9: Identity | B9: OIDC/OAuth2 using approved provider | C9: Authentication and role claims | D9: Prefer existing company/client identity where feasible; never implement custom password handling for MVP | E9: To Confirm | F9: Security / Client IT
A10: Tenant isolation | B10: organization_id + enforced DB/API access controls | C10: Keep each customer's records isolated | D10: Review PostgreSQL row-level security and negative cross-tenant tests | E10: Design decision needed | F10: Solution Architect
A11: Data ingestion | B11: CSV/Excel first; then one read-only API connector | C11: Unblock data model while source APIs are assessed | D11: Do not promise bidirectional sync until source capabilities and permissions are verified | E11: Proposed | F11: Integration Lead
A12: Testing | B12: pytest + API integration tests; Angular unit/E2E framework | C12: Catch regressions and validate calculations | D12: Tests run in CI; EPR reference cases require SME-approved expected values | E12: Proposed | F12: QA Lead
A13: CI/CD | B13: GitHub Actions or Azure DevOps | C13: Build, lint, test and deploy repeatably | D13: Use whichever is approved by company | E13: To Confirm | F13: DevOps
A14: Runtime/deployment | B14: Docker + managed application hosting | C14: Consistent dev/test/staging environments | D14: Kubernetes is not required for first MVP; choose managed services after cloud/security review | E14: To Confirm | F14: DevOps
A15: Observability | B15: Structured logs, health checks, cloud metrics | C15: Diagnose failed imports, API errors and calculation runs | D15: Do not log secrets or unnecessary client data | E15: Proposed | F15: Backend / DevOps
A16: Regulatory logic | B16: Versioned jurisdiction-specific rule sets | C16: Reproducible fee calculations and effective dates | D16: SME approval and regression cases are mandatory; no universal EPR formula assumed | E16: Required | F16: Product Owner / Regulatory SME
